<?xml version="1.0" encoding="utf-8"?>
<resources>
  <color name="primary">#1e1e1e</color>
  <color name="primary_dark">#1e1e1e</color>
  <color name="primary_darker">#1e1e1e</color>
  <color name="accent">#FFFFFF</color>

  <color name="black">#000000</color>
  <color name="jet">#222222</color>
  <color name="oil">#333333</color>
  <color name="monsoon">#777777</color>
  <color name="jumbo">#888888</color>
  <color name="aluminum">#999999</color>
  <color name="base">#AAAAAA</color>
  <color name="iron">#CCCCCC</color>
  <color name="white">#FFFFFF</color>
<!--add for dashboard-->
  <color name="colorPrimary">#009688</color>
  <color name="colorPrimaryDark">#00796B</color>
  <color name="colorAccent">#FF4081</color>
  <color name="light_black">#504f4f</color>
  <!--<color name="black">#000000</color>-->
  <color name="blue">#0737d4</color>

  <color name="genre">#666666</color>
  <color name="year">#888888</color>
  <color name="list_divider">#d9d9d9</color>
  <color name="list_row_start_color">#ffffff</color>
  <color name="list_row_end_color">#ffffff</color>
  <color name="list_row_hover_start_color">#ebeef0</color>
  <color name="list_row_hover_end_color">#ebeef0</color>
</resources>